national_service 2	Pit stop ; great day to pedal . ( @ National Service Resort Country Club - SAFRA Resort in Singapore )
national_service 2	So in love with this place ( @ National Service Training Institute in Singapore ; SG )
national_service 2	Happy birthday fatty ! @ National Service Resort Country Club
national_service 2	My 5 years old cousin :) @ National Service Resort Country Club
national_service 2	At Cousin's birthday Chalet #fun #happybirthday #21 #pristurns21 @ National Service Resort
national_service 2	Pretty pastries Happy birthday @bhlauzzz ! ! @ National Service Resort Country Club
national_service 2	Happy Birthday Ah Glenn ! @glennngyj @ National Service Resort Country Club ( NSRCC )
national_service 2	Happy POP @ National Service Training Institute ( NSTI )
national_service 2	YAY CHALET WITH THE GIRLS ( @ National Service Resort Country Club - SAFRA Resort w / @glennawoo )
national_service 2	110315 . Completed National Service . Thank you Team Alpha for the 2 years of great experience . An
national_service 2	Happy 1st birthday Kyler ! @ National Service Resort Country Club - SAFRA Resort
national_service 2	Quality time spent w / ohana thanks y'all for making this chalet an awesome one ! @ National Service
national_service 2	Woke up to a lovely brunch made by my classmates #myclassmatescancook #masterchef @ National Service
national_service 2	Happy 21st sis @ National Service Resort Country Club
national_service 2	Those were GOOD OLD DAYS when my dad was serving his national service while wearing the temasek green
national_service 2	Happy birthday Bei bei @ National Service Resort Country Club
national_service 2	The fun never end ! ! #teampineapple @ National Service Resort Country Club
national_service 2	Happy Birthday Roy #ROYXXI @ National Service Resort Country Club
national_service 2	Gawain retirees . #vsco #vscocam #allguys #lol @ National Service Resort Country Club
